<?xml version="1.0" encoding="UTF-8"?>
<beans xmlns="http://www.springframework.org/schema/beans"
	xmlns:xsi="http://www.w3.org/2001/XMLSchema-instance"
	xsi:schemaLocation="http://www.springframework.org/schema/beans
        https://www.springframework.org/schema/beans/spring-beans.xsd">

	<bean id="dateFormat" class="java.text.SimpleDateFormat">
		<constructor-arg value="yyyy-MM-dd" />
	</bean>

	<bean id="movie1" class="com.cognizant.moviecruiser.model.Movie">
		<property name="id" value="1" />
		<property name="title" value="Avatar" />
		<property name="boxOffice" value="$2,787,965,087" />
		<property name="active" value="true" />
		<property name="dateOfLaunch">
			<bean factory-bean="dateFormat" factory-method="parse">
				<constructor-arg value="2020-01-31" />
			</bean>
		</property>
	</bean>
	<bean id="movie2" class="com.cognizant.moviecruiser.model.Movie">
		<property name="id" value="2" />
		<property name="title" value="The Avengers" />
		<property name="boxOffice" value="$1,518,812,988" />
		<property name="active" value="true" />
		<property name="dateOfLaunch">
			<bean factory-bean="dateFormat" factory-method="parse">
                <constructor-arg value="2021-01-31" />
            </bean>
		</property>
		<property name="genre" value="Superhero" />
		<property name="hasTeaser" value="false" />
	</bean>
	<bean id="movie3" class="com.cognizant.moviecruiser.model.Movie">
		<property name="id" value="3" />
		<property name="title" value="Titanic" />
		<property name="boxOffice" value="$2,187,463,944" />
		<property name="active" value="false" />
		<property name="dateOfLaunch">
			<bean factory-bean="dateFormat" factory-method="parse">
                <constructor-arg value="2021-02-20" />
            </bean>
		</property>
		<property name="genre" value="Romance" />
		<property name="hasTeaser" value="true" />
	</bean>
	<bean id="movieList" class="java.util.ArrayList">
		<constructor-arg>
			<list>
				<ref bean="movie1"></ref>
				<ref bean="movie2"></ref>
				<ref bean="movie3"></ref>
			</list>
		</constructor-arg>
	</bean>
</beans>